{"contracts/Counter.sol":{"jobHash":"solc-0_8_28-3799e9b3ec0c2230875b3a278226c061d13efd26","isolated":false,"artifactPaths":["C:\\Users\\Alya\\Desktop\\RedDuck\\voting-token\\artifacts\\contracts\\Counter.sol\\Counter.json"],"buildInfoPath":"C:\\Users\\Alya\\Desktop\\RedDuck\\voting-token\\artifacts\\build-info\\solc-0_8_28-ca8294b987208df763f21fbaa8f7c6f63649c654.json","buildInfoOutputPath":"C:\\Users\\Alya\\Desktop\\RedDuck\\voting-token\\artifacts\\build-info\\solc-0_8_28-ca8294b987208df763f21fbaa8f7c6f63649c654.output.json","typeFilePath":"C:\\Users\\Alya\\Desktop\\RedDuck\\voting-token\\artifacts\\contracts\\Counter.sol\\artifacts.d.ts","wasm":false},"contracts/IERC20.sol":{"jobHash":"solc-0_8_28-0bf58bf3964c7a03f1d828834a67a567b54aa868","isolated":false,"artifactPaths":["C:\\Users\\Alya\\Desktop\\RedDuck-codes\\voting-token\\artifacts\\contracts\\IERC20.sol\\IERC20.json"],"buildInfoPath":"C:\\Users\\Alya\\Desktop\\RedDuck-codes\\voting-token\\artifacts\\build-info\\solc-0_8_28-f7da20564f4595f26a7dcbb486a33ce7d3ba597a.json","buildInfoOutputPath":"C:\\Users\\Alya\\Desktop\\RedDuck-codes\\voting-token\\artifacts\\build-info\\solc-0_8_28-f7da20564f4595f26a7dcbb486a33ce7d3ba597a.output.json","typeFilePath":"C:\\Users\\Alya\\Desktop\\RedDuck-codes\\voting-token\\artifacts\\contracts\\IERC20.sol\\artifacts.d.ts","wasm":false},"contracts/VotingToken.sol":{"jobHash":"solc-0_8_28-0f1bf8be5b4524715d00879b1744b2965152ecd7","isolated":false,"artifactPaths":["C:\\Users\\Alya\\Desktop\\RedDuck-codes\\voting-token\\artifacts\\contracts\\VotingToken.sol\\VotingToken.json"],"buildInfoPath":"C:\\Users\\Alya\\Desktop\\RedDuck-codes\\voting-token\\artifacts\\build-info\\solc-0_8_28-ea55107b94793d21624a0af6f721fe32354c13fc.json","buildInfoOutputPath":"C:\\Users\\Alya\\Desktop\\RedDuck-codes\\voting-token\\artifacts\\build-info\\solc-0_8_28-ea55107b94793d21624a0af6f721fe32354c13fc.output.json","typeFilePath":"C:\\Users\\Alya\\Desktop\\RedDuck-codes\\voting-token\\artifacts\\contracts\\VotingToken.sol\\artifacts.d.ts","wasm":false},"contracts/test-helpers/VotingTokenTest.sol":{"jobHash":"solc-0_8_28-5d8916d562cf7faabdf0258706304b9739e1e4ee","isolated":false,"artifactPaths":["C:\\Users\\Alya\\Desktop\\RedDuck-codes\\voting-token\\artifacts\\contracts\\test-helpers\\VotingTokenTest.sol\\VotingTokenTest.json"],"buildInfoPath":"C:\\Users\\Alya\\Desktop\\RedDuck-codes\\voting-token\\artifacts\\build-info\\solc-0_8_28-ea55107b94793d21624a0af6f721fe32354c13fc.json","buildInfoOutputPath":"C:\\Users\\Alya\\Desktop\\RedDuck-codes\\voting-token\\artifacts\\build-info\\solc-0_8_28-ea55107b94793d21624a0af6f721fe32354c13fc.output.json","typeFilePath":"C:\\Users\\Alya\\Desktop\\RedDuck-codes\\voting-token\\artifacts\\contracts\\test-helpers\\VotingTokenTest.sol\\artifacts.d.ts","wasm":false},"contracts/Counter.t.sol":{"jobHash":"solc-0_8_28-79fdcbe914f3919547c90e35200737668adbb67c","isolated":false,"artifactPaths":["C:\\Users\\Alya\\Desktop\\RedDuck\\voting-token\\cache\\test-artifacts\\contracts\\Counter.t.sol\\CounterTest.json"],"buildInfoPath":"C:\\Users\\Alya\\Desktop\\RedDuck\\voting-token\\cache\\test-artifacts\\build-info\\solc-0_8_28-79fdcbe914f3919547c90e35200737668adbb67c.json","buildInfoOutputPath":"C:\\Users\\Alya\\Desktop\\RedDuck\\voting-token\\cache\\test-artifacts\\build-info\\solc-0_8_28-79fdcbe914f3919547c90e35200737668adbb67c.output.json","wasm":false},"contracts/Initializable.sol":{"jobHash":"solc-0_8_28-a6f85d9ec30732622dd783f8b99cbc5c467b7a47","isolated":false,"artifactPaths":["C:\\Users\\Alya\\Desktop\\RedDuck-codes\\voting-token\\artifacts\\contracts\\Initializable.sol\\Initializable.json"],"buildInfoPath":"C:\\Users\\Alya\\Desktop\\RedDuck-codes\\voting-token\\artifacts\\build-info\\solc-0_8_28-f7da20564f4595f26a7dcbb486a33ce7d3ba597a.json","buildInfoOutputPath":"C:\\Users\\Alya\\Desktop\\RedDuck-codes\\voting-token\\artifacts\\build-info\\solc-0_8_28-f7da20564f4595f26a7dcbb486a33ce7d3ba597a.output.json","typeFilePath":"C:\\Users\\Alya\\Desktop\\RedDuck-codes\\voting-token\\artifacts\\contracts\\Initializable.sol\\artifacts.d.ts","wasm":false},"contracts/VotingToken_UUPSproxy.sol":{"jobHash":"solc-0_8_28-73aee8847e00331522a12d74de8adc25d811a1fa","isolated":false,"artifactPaths":["C:\\Users\\Alya\\Desktop\\RedDuck-codes\\voting-token\\artifacts\\contracts\\VotingToken_UUPSproxy.sol\\VotingToken_UUPSproxy.json"],"buildInfoPath":"C:\\Users\\Alya\\Desktop\\RedDuck-codes\\voting-token\\artifacts\\build-info\\solc-0_8_28-f7da20564f4595f26a7dcbb486a33ce7d3ba597a.json","buildInfoOutputPath":"C:\\Users\\Alya\\Desktop\\RedDuck-codes\\voting-token\\artifacts\\build-info\\solc-0_8_28-f7da20564f4595f26a7dcbb486a33ce7d3ba597a.output.json","typeFilePath":"C:\\Users\\Alya\\Desktop\\RedDuck-codes\\voting-token\\artifacts\\contracts\\VotingToken_UUPSproxy.sol\\artifacts.d.ts","wasm":false},"contracts/VotingToken_UUPSproxyStorage.sol":{"jobHash":"solc-0_8_28-0d958f77e323360f3cdaaf07ab2bdbafaaad3b46","isolated":false,"artifactPaths":["C:\\Users\\Alya\\Desktop\\RedDuck-codes\\voting-token\\artifacts\\contracts\\VotingToken_UUPSproxyStorage.sol\\VotingToken_UUPSproxyStorage.json"],"buildInfoPath":"C:\\Users\\Alya\\Desktop\\RedDuck-codes\\voting-token\\artifacts\\build-info\\solc-0_8_28-f7da20564f4595f26a7dcbb486a33ce7d3ba597a.json","buildInfoOutputPath":"C:\\Users\\Alya\\Desktop\\RedDuck-codes\\voting-token\\artifacts\\build-info\\solc-0_8_28-f7da20564f4595f26a7dcbb486a33ce7d3ba597a.output.json","typeFilePath":"C:\\Users\\Alya\\Desktop\\RedDuck-codes\\voting-token\\artifacts\\contracts\\VotingToken_UUPSproxyStorage.sol\\artifacts.d.ts","wasm":false},"contracts/VotingToken_Upgradeable.sol":{"jobHash":"solc-0_8_28-b162003a866430884e832eb59dc872641b3541ab","isolated":false,"artifactPaths":["C:\\Users\\Alya\\Desktop\\RedDuck-codes\\voting-token\\artifacts\\contracts\\VotingToken_Upgradeable.sol\\VotingToken_Upgradeable.json"],"buildInfoPath":"C:\\Users\\Alya\\Desktop\\RedDuck-codes\\voting-token\\artifacts\\build-info\\solc-0_8_28-ea55107b94793d21624a0af6f721fe32354c13fc.json","buildInfoOutputPath":"C:\\Users\\Alya\\Desktop\\RedDuck-codes\\voting-token\\artifacts\\build-info\\solc-0_8_28-ea55107b94793d21624a0af6f721fe32354c13fc.output.json","typeFilePath":"C:\\Users\\Alya\\Desktop\\RedDuck-codes\\voting-token\\artifacts\\contracts\\VotingToken_Upgradeable.sol\\artifacts.d.ts","wasm":false},"contracts/VotingToken_Upgradeable_V2.sol":{"jobHash":"solc-0_8_28-6cadda70e4082436096d4f83255040f769c7bd12","isolated":false,"artifactPaths":["C:\\Users\\Alya\\Desktop\\RedDuck-codes\\voting-token\\artifacts\\contracts\\VotingToken_Upgradeable_V2.sol\\VotingToken_Upgradeable_V2.json"],"buildInfoPath":"C:\\Users\\Alya\\Desktop\\RedDuck-codes\\voting-token\\artifacts\\build-info\\solc-0_8_28-311f51487c8d63fd550535a1e3d12c5b9e8ba50f.json","buildInfoOutputPath":"C:\\Users\\Alya\\Desktop\\RedDuck-codes\\voting-token\\artifacts\\build-info\\solc-0_8_28-311f51487c8d63fd550535a1e3d12c5b9e8ba50f.output.json","typeFilePath":"C:\\Users\\Alya\\Desktop\\RedDuck-codes\\voting-token\\artifacts\\contracts\\VotingToken_Upgradeable_V2.sol\\artifacts.d.ts","wasm":false},"contracts/VotingToken_proxy.sol":{"jobHash":"solc-0_8_28-9aa42a8585df216a153b6224e5b0feeab087ad5e","isolated":false,"artifactPaths":["C:\\Users\\Alya\\Desktop\\RedDuck-codes\\voting-token\\artifacts\\contracts\\VotingToken_proxy.sol\\Proxy.json"],"buildInfoPath":"C:\\Users\\Alya\\Desktop\\RedDuck-codes\\voting-token\\artifacts\\build-info\\solc-0_8_28-f7da20564f4595f26a7dcbb486a33ce7d3ba597a.json","buildInfoOutputPath":"C:\\Users\\Alya\\Desktop\\RedDuck-codes\\voting-token\\artifacts\\build-info\\solc-0_8_28-f7da20564f4595f26a7dcbb486a33ce7d3ba597a.output.json","typeFilePath":"C:\\Users\\Alya\\Desktop\\RedDuck-codes\\voting-token\\artifacts\\contracts\\VotingToken_proxy.sol\\artifacts.d.ts","wasm":false},"contracts/test-helpers/VotingTokenTest _Upgradeable.sol":{"jobHash":"solc-0_8_28-311f51487c8d63fd550535a1e3d12c5b9e8ba50f","isolated":false,"artifactPaths":["C:\\Users\\Alya\\Desktop\\RedDuck-codes\\voting-token\\artifacts\\contracts\\test-helpers\\VotingTokenTest _Upgradeable.sol\\VotingTokenTest_Upgradeable.json"],"buildInfoPath":"C:\\Users\\Alya\\Desktop\\RedDuck-codes\\voting-token\\artifacts\\build-info\\solc-0_8_28-311f51487c8d63fd550535a1e3d12c5b9e8ba50f.json","buildInfoOutputPath":"C:\\Users\\Alya\\Desktop\\RedDuck-codes\\voting-token\\artifacts\\build-info\\solc-0_8_28-311f51487c8d63fd550535a1e3d12c5b9e8ba50f.output.json","typeFilePath":"C:\\Users\\Alya\\Desktop\\RedDuck-codes\\voting-token\\artifacts\\contracts\\test-helpers\\VotingTokenTest _Upgradeable.sol\\artifacts.d.ts","wasm":false}}