{
  "_format": "hh3-sol-build-info-1",
  "id": "solc-0_8_28-ea55107b94793d21624a0af6f721fe32354c13fc",
  "solcVersion": "0.8.28",
  "solcLongVersion": "0.8.28+commit.7893614a",
  "userSourceNameMap": {
    "contracts/VotingToken.sol": "project/contracts/VotingToken.sol",
    "contracts/VotingToken_Upgradeable.sol": "project/contracts/VotingToken_Upgradeable.sol",
    "contracts/test-helpers/VotingTokenTest.sol": "project/contracts/test-helpers/VotingTokenTest.sol"
  },
  "input": {
    "language": "Solidity",
    "settings": {
      "evmVersion": "cancun",
      "outputSelection": {
        "*": {
          "": [
            "ast"
          ],
          "*": [
            "abi",
            "evm.bytecode",
            "evm.deployedBytecode",
            "evm.methodIdentifiers",
            "metadata"
          ]
        }
      },
      "remappings": []
    },
    "sources": {
      "project/contracts/IERC20.sol": {
        "content": "// SPDX-License-Identifier: MIT\r\npragma solidity ^0.8.20;\r\n\r\n// https://eips.ethereum.org/EIPS/eip-20\r\n\r\ninterface IERC20 {\r\n    // Количество всех выпущенных токенов\r\n    function totalSupply() external view  returns(uint256);\r\n    // Баланс конкретного пользователя\r\n    function balanceOf(address _owner) external view returns(uint256 balance);\r\n    // Перевод токенов получателю\r\n    function transfer(address _to, uint256 _value) external returns (bool success);\r\n    // Разрешение тратить токены от имени владельца\r\n    function approve(address _spender, uint256 _value) external returns (bool success);\r\n    // Проверка, сколько токенов разрешено тратить\r\n    function allowance(address _owner, address _spender) external view returns (uint256 remaining);\r\n    // Перевод токенов от имени владельца\r\n    function transferFrom(address _from, address _to, uint256 _value) external returns (bool success);\r\n    \r\n    // Событие при переводе\r\n    event Transfer(address indexed _from, address indexed _to, uint256 _value);\r\n    // Событие при изменении разрешения\r\n    event Approval(address indexed _owner, address indexed _spender, uint256 _value);\r\n}\r\n"
      },
      "project/contracts/Initializable.sol": {
        "content": "// SPDX-License-Identifier: MIT\r\npragma solidity ^0.8.20;\r\n\r\nabstract contract Initializable {\r\n    error AlreadyInitialized();\r\n\r\n    bool private _initialized;\r\n    bool private _initializing;\r\n\r\n    modifier initializer() {\r\n        if (_initialized && !_initializing) {\r\n            revert AlreadyInitialized();\r\n        }\r\n\r\n        bool isTop = !_initializing;\r\n\r\n        if (isTop) {\r\n            _initializing = true;\r\n            _initialized = true;\r\n        }\r\n\r\n        _;\r\n\r\n        if (isTop) {\r\n            _initializing = false;\r\n        }\r\n    }\r\n\r\n    // Запрещает initialize() для имплементации\r\n    function _disableInitializers() internal {\r\n        _initialized = true;\r\n    }\r\n}\r\n"
      },
      "project/contracts/test-helpers/VotingTokenTest.sol": {
        "content": "// SPDX-License-Identifier: MIT\r\npragma solidity ^0.8.20;\r\n\r\nimport \"../../contracts/VotingToken.sol\";\r\n\r\ncontract VotingTokenTest is VotingToken {\r\n    constructor(\r\n        uint256 _tokenPrice,\r\n        uint256 _buyFee,\r\n        uint256 _sellFee\r\n    ) VotingToken(_tokenPrice, _buyFee, _sellFee) {}\r\n\r\n    function giveBalanceForTest(address who, uint256 amount) external {\r\n        balances[who] = amount;\r\n    }\r\n\r\n    function addTotalSupplyForTest(uint256 amount) external {\r\n        totalSupply += amount;\r\n    }\r\n}\r\n"
      },
      "project/contracts/VotingToken_Upgradeable.sol": {
        "content": "// SPDX-License-Identifier: MIT\r\npragma solidity ^0.8.20;\r\n\r\nimport \"./VotingToken_UUPSproxyStorage.sol\";\r\nimport \"./Initializable.sol\";\r\nimport \"./IERC20.sol\";\r\n\r\ncontract VotingToken_Upgradeable is\r\n    IERC20,\r\n    VotingToken_UUPSproxyStorage,\r\n    Initializable\r\n{\r\n    error InsufficientETHForBuying();\r\n    error InsufficientETHInContract();\r\n    error ZeroTokenAmount();\r\n    error InsufficientTokens();\r\n    error OnlyAdmin();\r\n    error InsufficientBalanceToSell();\r\n    error VotingIsActive();\r\n    error VotingNotActive();\r\n    error InsufficientBalance();\r\n    error TooEarlyToBurn();\r\n    error InvalidSpender();\r\n    error LockedUntilVotingEnds();\r\n    error AllowanceExceeded();\r\n    error ETHTransferFailed();\r\n\r\n    /* \r\n    Записать 0 → неноль\t20 000 gas\t–\r\n    Изменить неноль → другой неноль\t5 000 gas\t–\r\n    Обнулить (неноль → 0)\t5 000 gas – 15 000 refund\r\n    */\r\n\r\n    uint256 public tokenPrice; // 10000000000000000 wei = 1 ETH\r\n    uint256 public buyFee;\r\n    uint256 public sellFee;\r\n    uint256 public lastBurnTime;\r\n\r\n    uint256 constant fee_denominator = 10000; // 10000 = масштаб для дробных процентов (1% = 100)\r\n    uint256 public accumulatedFees;\r\n\r\n    uint256 public totalSupply;\r\n\r\n    uint256 public constant timeToVote = 3 days;\r\n    uint256 public votingNumber; // Номер текущего раунда голосования\r\n    uint256 public votingStartedTime;\r\n\r\n    // votes[номер_раунда][цена] = количество голосов (вес = количество токенов)\r\n    mapping(uint256 => mapping(uint256 => uint256)) public votes;\r\n    // hasVoted[номер_раунда][адрес] = true, если пользователь уже голосовал\r\n    mapping(uint256 => mapping(address => bool)) public hasVoted;\r\n    uint256[] public proposedPrices;\r\n\r\n    // Балансы и разрешения по стандарту ERC-20\r\n    mapping(address => uint256) public balances;\r\n    mapping(address => mapping(address => uint256)) public allowances;\r\n\r\n    uint256[50] private __gap;\r\n\r\n    constructor() {\r\n        _disableInitializers(); // запретить initialize() на имплементации\r\n    }\r\n\r\n    // обязательное требование UUPS/Proxy архитектуры (вместо конструктора)\r\n    function initialize(\r\n        uint256 _tokenPrice,\r\n        uint256 _buyFee,\r\n        uint256 _sellFee\r\n    ) external initializer {\r\n        tokenPrice = _tokenPrice;\r\n        buyFee = _buyFee;\r\n        sellFee = _sellFee;\r\n        lastBurnTime = block.timestamp;\r\n    }\r\n\r\n    // indexed позволяет фильтровать события по номеру голосования в логах.\r\n    event VotingStarted(uint256 indexed votingNumber, uint256 startTime);\r\n    event VotingEnded(uint256 indexed votingNumber, uint256 endTime);\r\n\r\n    function balanceOf(\r\n        address _owner\r\n    ) external view override returns (uint256 balance) {\r\n        return (balances[_owner]);\r\n    }\r\n\r\n    function transfer(\r\n        address _to,\r\n        uint256 _value\r\n    ) external override returns (bool success) {\r\n        address _from = msg.sender;\r\n        proceedTransfer(_from, _value, _to);\r\n        return (true);\r\n    }\r\n\r\n    /*\r\n       transferFrom используется, когда кто-то переводит чужие токены с разрешения владельца.\r\n    */\r\n    // ! запретить во время голосования?\r\n    function transferFrom(\r\n        address _from,\r\n        address _to,\r\n        uint256 _value\r\n    ) external override returns (bool success) {\r\n        if (allowances[_from][msg.sender] < _value) revert AllowanceExceeded();\r\n        allowances[_from][msg.sender] -= _value; // Уменьшаем лимит после перевода — требование ERC-20\r\n        proceedTransfer(_from, _value, _to);\r\n        return (true);\r\n    }\r\n\r\n    function proceedTransfer(\r\n        address _from,\r\n        uint256 _value,\r\n        address _to\r\n    ) internal notFrozen(_from) {\r\n        if (balances[_from] < _value) revert InsufficientBalance();\r\n        balances[_from] -= _value;\r\n        balances[_to] += _value;\r\n        emit Transfer(_from, _to, _value); // Стандартное событие ERC-20\r\n    }\r\n\r\n    // Устанавливаем разрешение для другого адреса тратить токены владельца\r\n    function approve(\r\n        address _spender,\r\n        uint256 _value\r\n    ) external override returns (bool success) {\r\n        if (_spender == address(0)) revert InvalidSpender();\r\n        address _owner = msg.sender;\r\n        allowances[_owner][_spender] = _value;\r\n        emit Approval(_owner, _spender, _value);\r\n        return (true);\r\n    }\r\n\r\n    // Возвращает, сколько токенов spender ещё может потратить у owner\r\n    function allowance(\r\n        address _owner,\r\n        address _spender\r\n    ) external view override returns (uint256 remaining) {\r\n        return (allowances[_owner][_spender]);\r\n    }\r\n\r\n    // Минимум 0.05% от totalSupply для участия в голосовании\r\n    function minTokensForVoting()\r\n        internal\r\n        view\r\n        returns (uint256 minTokenAmount)\r\n    {\r\n        return (totalSupply * 5) / 10000; // 0.05 % = 5 / 10000\r\n    }\r\n\r\n    // Минимум 0.1% от totalSupply, чтобы иметь право начать голосование\r\n    function minTokenForStartVoting()\r\n        internal\r\n        view\r\n        returns (uint256 minTokenAmount)\r\n    {\r\n        return (totalSupply * 10) / 10000; // 0.1 % = 10 / 10000\r\n    }\r\n\r\n    // ! требования к цене - минимум, максимум, кратность (для ограничения размера маппинга)?\r\n    function vote(uint256 price) public notFrozen(msg.sender) {\r\n        if (!votingActive()) revert VotingNotActive();\r\n        if (balances[msg.sender] < minTokensForVoting())\r\n            revert InsufficientTokens();\r\n        if (votes[votingNumber][price] == 0) {\r\n            proposedPrices.push(price);\r\n        }\r\n        votes[votingNumber][price] += balances[msg.sender];\r\n        hasVoted[votingNumber][msg.sender] = true;\r\n    }\r\n\r\n    /** startVoting должен изменить votingStartedTime, \r\n    votingNumber, и     вызвать событие VotingStarted. */\r\n    function startVoting() public {\r\n        if (balances[msg.sender] < minTokenForStartVoting())\r\n            revert InsufficientTokens();\r\n        if (votingActive()) revert VotingIsActive();\r\n        votingStartedTime = block.timestamp;\r\n        votingNumber++; // новый раунд голосования\r\n        emit VotingStarted(votingNumber, votingStartedTime);\r\n    }\r\n\r\n    /*\r\n       Завершение голосования.\r\n       Можно вызвать только после окончания установленного времени.\r\n       стоит ли winningPrice определять оффчейн (// ! безопасно ли?)\r\n       \r\n       Как обычно решают\r\n\r\n            Ограничивают количество элементов.\r\n            Например, не более 10 предложенных цен.\r\n\r\n            Переносят вычисления off-chain.\r\n            Например, результат голосования вычисляется сервером или DAO-скриптом,\r\n            а контракт просто получает winningPrice через транзакцию.\r\n\r\n            Разбивают процесс на несколько шагов.\r\n            Вместо одного большого цикла — несколько маленьких функций с частичным подсчётом.\r\n\r\n            Используют структуры данных с константным временем (O(1)).\r\n            Например, mapping вместо array,\r\n            чтобы не нужно было перебирать элементы.\r\n    */\r\n    function endVoting() external {\r\n        if (votingActive()) revert VotingIsActive();\r\n\r\n        uint256 winningPrice = 0;\r\n        uint256 maxVotes = 0;\r\n\r\n        for (uint256 i = 0; i < proposedPrices.length; i++) {\r\n            uint256 price = proposedPrices[i];\r\n            uint256 voteCount = votes[votingNumber][price];\r\n\r\n            if (voteCount > maxVotes) {\r\n                maxVotes = voteCount;\r\n                winningPrice = price;\r\n            }\r\n        }\r\n\r\n        tokenPrice = winningPrice;\r\n\r\n        delete proposedPrices;\r\n        votingStartedTime = 0;\r\n        emit VotingEnded(votingNumber, block.timestamp);\r\n    }\r\n\r\n    function votingActive() public view returns (bool) {\r\n        return\r\n            votingStartedTime != 0 &&\r\n            block.timestamp < votingStartedTime + timeToVote;\r\n    }\r\n\r\n    modifier notFrozen(address from) {\r\n        if (votingActive() && hasVoted[votingNumber][from])\r\n            revert LockedUntilVotingEnds();\r\n        _;\r\n    }\r\n\r\n    function buy() public payable notFrozen(msg.sender) {\r\n        if (msg.value < tokenPrice) revert InsufficientETHForBuying();\r\n\r\n        uint256 tokens = (msg.value * 1e18) / tokenPrice;\r\n\r\n        // TODO Проверка если результат округления дал 0 токенов — отклоняем транзакцию\r\n        uint256 fee = (tokens * buyFee) / fee_denominator;\r\n        uint256 netTokens = tokens - fee;\r\n\r\n        balances[msg.sender] += netTokens;\r\n        balances[address(this)] += fee;\r\n        totalSupply += tokens;\r\n        accumulatedFees += fee;\r\n\r\n        emit Transfer(address(0), msg.sender, netTokens);\r\n    }\r\n\r\n    function sell(uint256 amount) public notFrozen(msg.sender) {\r\n        // TODO - модификатор nonReentrant (не даёт функции выполняться повторно, пока она не завершилась)\r\n        if (amount == 0) revert ZeroTokenAmount();\r\n        if (balances[msg.sender] < amount) revert InsufficientBalanceToSell();\r\n\r\n        uint256 fee = (amount * sellFee) / fee_denominator;\r\n        uint256 netTokens = amount - fee;\r\n\r\n        uint256 ethAmount = (netTokens * tokenPrice) / 1e18;\r\n        if (address(this).balance < ethAmount)\r\n            revert InsufficientETHInContract();\r\n\r\n        balances[msg.sender] -= amount;\r\n        balances[address(this)] += fee;\r\n        accumulatedFees += fee;\r\n        totalSupply -= netTokens;\r\n\r\n        (bool ok, ) = payable(msg.sender).call{value: ethAmount}(\"\");\r\n        if (!ok) revert ETHTransferFailed();\r\n\r\n        emit Transfer(msg.sender, address(0), amount);\r\n    }\r\n\r\n    function setBuyFee(uint256 _newFee) external onlyAdmin {\r\n        buyFee = _newFee;\r\n    }\r\n\r\n    function setSellFee(uint256 _newFee) external onlyAdmin {\r\n        sellFee = _newFee;\r\n    }\r\n\r\n    // должна быть без ограничения на админа\r\n    // TODO если accumulatedFees > totalSupply (?)\r\n    function burnAccumulatedFees() external {\r\n        if (block.timestamp < lastBurnTime + 7 days) revert TooEarlyToBurn();\r\n        totalSupply -= accumulatedFees;\r\n        balances[address(this)] -= accumulatedFees; // ! Лучше отправлять на \"0\"-адресс\r\n\r\n        emit Transfer(address(this), address(0), accumulatedFees);\r\n\r\n        accumulatedFees = 0;\r\n        lastBurnTime = block.timestamp;\r\n    }\r\n\r\n    modifier onlyAdmin() {\r\n        require(msg.sender == _getAdmin(), \"Not admin\");\r\n        _;\r\n    }\r\n\r\n    // --- UUPS: upgrade logic ---\r\n    function upgradeTo(address newImplementation) external onlyAdmin {\r\n        require(newImplementation.code.length > 0, \"Not a contract\");\r\n        require(newImplementation != _getImplementation(), \"Same impl\");\r\n        _setImplementation(newImplementation);\r\n    }\r\n}\r\n\r\n/**\r\n   - ERC-20 совместимый токен с динамической ценой (tokenPrice);\r\n   - Голосования за новую цену (владельцы токенов голосуют, вес = баланс);\r\n   - На период голосования замораживаются транзакции у проголосовавших;\r\n   - Покупка/продажа с комиссией, комиссия накапливается и сжигается раз в неделю;\r\n\r\n*/\r\n\r\n// ?\r\n/**\r\nЧто делать, если откат транзакции делает вложенная фукнция\r\n */\r\n\r\n//TODO Что дальше\r\n/**\r\n////Использовать TypeChain для генерации типов контрактов в тестах.\r\nКонтракт должен быть обновляемым (upgradeable).\r\n//// Функцию endVoting может вызвать любой пользователь, но правила\r\n//// должны проверять, что она вызывается только после истечения времени timeToVote.\r\nКонтракты должны быть задеплоены в тестовую сеть Sepolia и проверены на Etherscan (sepolia.etherscan.io).\r\n\r\n\r\n\r\nограничение на сумму ставки\r\nограничить функции правом администратора\r\nПроверка перед сжиганием комиссий if (balances[address(this)] < accumulatedFees) revert InsufficientBalance();\r\nграницы комиссии - Добавить проверку if (_newFee > fee_denominator) revert FeeTooHigh(); в setBuyFee() и setSellFee() чтобы комиссия не превышала 100%.\r\n*/\r\n//TODO Topics that have been learnt:\r\n/**\r\n1.  Formatting (wei, gwei, eth, etc.) \r\n2.  IERC20, ERC20 \r\n3.  Solidity \r\n4.  Ethers.js + hardhat \r\n5.  Gas \r\n6.  // !Memoization pattern \r\n\r\n\r\n\r\n1️ Результат голосования (yes/no или totalVotes)\tИтоговое количество голосов для данного votingNumber\tВместо пересчёта каждого раза по mapping(address → voteAmount) можно хранить промежуточные суммы → меньше газа и быстрее итоговая функция endVoting()\r\n2️\tМинимальный порог голосов (minTokensForVoting)\tОдин раз вычислить при startVoting() и сохранить\tНе пересчитывать (totalSupply * 5) / 10000 при каждом вызове vote()\r\n3️\tРезультат tokenPrice или fee перерасчёта\tЕсли формула фиксированная, можно кешировать итог для заданного периода\tСокращает дублируемые арифметические операции при buy() / sell()\r\n4️\tАдреса уже проверенных участников\tХранить в mapping(address => bool) результат проверки “участвовал / нет”\tПри каждом vote() не нужно снова искать в массиве или в другой структуре данных\r\n5️\tИтоговое значение balanceOf при блокировке\tКешировать значение баланса, который используется для расчёта веса голоса\tИзбегает повторных обращений к storage (дорогих по gas)\r\n6️\tTimestamp окончания голосования\tВычислить votingStartedTime + timeToVote и сохранить в переменной\tПри каждом вызове endVoting() не нужно пересчитывать — просто сравнивать с заранее вычисленным временем\r\nProblem solved: \r\n-  Problem with the cycles, O(N) functions that are dependent on users. \r\n*/\r\n"
      },
      "project/contracts/VotingToken_UUPSproxyStorage.sol": {
        "content": "// SPDX-License-Identifier: MIT\r\npragma solidity ^0.8.20;\r\n\r\nabstract contract VotingToken_UUPSproxyStorage {\r\n    bytes32 internal constant _IMPLEMENTATION_SLOT =\r\n        0x360894a13ba1a3210667c828492db98dca3e2076cc3735a920a3ca505d382bbc; // EIP-1967 impl слот\r\n\r\n    bytes32 internal constant _ADMIN_SLOT =\r\n        0xb53127684a568b3173ae13b9f8a6016e8e0a9d99b4b417e0dca44b12c0d33d6a; // EIP-1967 admin слот\r\n\r\n    function _getImplementation() internal view returns (address impl) {\r\n        assembly {\r\n            impl := sload(_IMPLEMENTATION_SLOT)\r\n        }\r\n    }\r\n\r\n    function _getAdmin() internal view returns (address adm) {\r\n        assembly {\r\n            adm := sload(_ADMIN_SLOT)\r\n        }\r\n    }\r\n\r\nfunction _setImplementation(address newImpl) internal {\r\n        assembly {\r\n            sstore(_IMPLEMENTATION_SLOT, newImpl)\r\n        }\r\n    }\r\n    \r\n    function _setAdmin(address newAdmin) internal {\r\n        assembly {\r\n            sstore(_ADMIN_SLOT, newAdmin)\r\n        }\r\n    }\r\n}\r\n"
      },
      "project/contracts/VotingToken.sol": {
        "content": "// SPDX-License-Identifier: MIT\r\npragma solidity ^0.8.20;\r\nimport \"./VotingToken_UUPSproxyStorage.sol\";\r\nimport \"./IERC20.sol\";\r\n\r\ncontract VotingToken is IERC20, VotingToken_UUPSproxyStorage {\r\n    error InsufficientETHForBuying();\r\n    error InsufficientETHInContract();\r\n    error ZeroTokenAmount();\r\n    error InsufficientTokens();\r\n    error OnlyAdmin();\r\n    error InsufficientBalanceToSell();\r\n    error VotingIsActive();\r\n    error VotingNotActive();\r\n    error InsufficientBalance();\r\n    error TooEarlyToBurn();\r\n    error InvalidSpender();\r\n    error LockedUntilVotingEnds();\r\n    error AllowanceExceeded();\r\n    error ETHTransferFailed();\r\n\r\n    /* \r\n    Записать 0 → неноль\t20 000 gas\t–\r\n    Изменить неноль → другой неноль\t5 000 gas\t–\r\n    Обнулить (неноль → 0)\t5 000 gas – 15 000 refund\r\n    */\r\n    uint256[50] private __gap;\r\n    address public admin;\r\n\r\n    uint256 buyFee;\r\n    uint256 sellFee;\r\n    uint256 constant fee_denominator = 10000; // 10000 = масштаб для дробных процентов (1% = 100)\r\n    uint256 public accumulatedFees;\r\n    uint256 public lastBurnTime;\r\n\r\n    uint256 public totalSupply;\r\n    uint256 public tokenPrice; // 10000000000000000 wei = 1 ETH\r\n\r\n    uint256 public constant timeToVote = 3 days;\r\n    uint256 public votingNumber; // Номер текущего голосования (чтобы не путать разные циклы)\r\n    uint256 public votingStartedTime;\r\n\r\n    //  ! выгодно ли очищать маппинги или лучше использовать раунды?\r\n\r\n    // votes[номер_раунда][цена] = количество голосов (вес = количество токенов)\r\n    mapping(uint256 => mapping(uint256 => uint256)) public votes;\r\n    // hasVoted[номер_раунда][адрес] = true, если пользователь уже голосовал\r\n    mapping(uint256 => mapping(address => bool)) public hasVoted;\r\n    uint256[] public proposedPrices;\r\n\r\n    // Балансы и разрешения по стандарту ERC-20\r\n    mapping(address => uint256) public balances;\r\n    mapping(address => mapping(address => uint256)) public allowances;\r\n\r\n    constructor(uint256 _tokenPrice, uint256 _buyFee, uint256 _sellFee) {\r\n        admin = msg.sender;\r\n        tokenPrice = _tokenPrice;\r\n        buyFee = _buyFee;\r\n        sellFee = _sellFee;\r\n        lastBurnTime = block.timestamp;\r\n    }\r\n\r\n    // indexed позволяет фильтровать события по номеру голосования в логах.\r\n    event VotingStarted(uint256 indexed votingNumber, uint256 startTime);\r\n    event VotingEnded(uint256 indexed votingNumber, uint256 endTime);\r\n\r\n    function balanceOf(\r\n        address _owner\r\n    ) external view override returns (uint256 balance) {\r\n        return (balances[_owner]);\r\n    }\r\n\r\n    function transfer(\r\n        address _to,\r\n        uint256 _value\r\n    ) external override returns (bool success) {\r\n        address _from = msg.sender;\r\n        proceedTransfer(_from, _value, _to);\r\n        return (true);\r\n    }\r\n\r\n    /*\r\n       transferFrom используется, когда кто-то переводит чужие токены с разрешения владельца.\r\n    */\r\n    // ! запретить во время голосования?\r\n    function transferFrom(\r\n        address _from,\r\n        address _to,\r\n        uint256 _value\r\n    ) external override returns (bool success) {\r\n        if (allowances[_from][msg.sender] < _value) revert AllowanceExceeded();\r\n        allowances[_from][msg.sender] -= _value; // Уменьшаем лимит после перевода — требование ERC-20\r\n        proceedTransfer(_from, _value, _to);\r\n        return (true);\r\n    }\r\n\r\n    function proceedTransfer(\r\n        address _from,\r\n        uint256 _value,\r\n        address _to\r\n    ) internal notFrozen(_from) {\r\n        if (balances[_from] < _value) revert InsufficientBalance();\r\n        balances[_from] -= _value;\r\n        balances[_to] += _value;\r\n        emit Transfer(_from, _to, _value); // Стандартное событие ERC-20\r\n    }\r\n\r\n    // Устанавливаем разрешение для другого адреса тратить токены владельца\r\n    function approve(\r\n        address _spender,\r\n        uint256 _value\r\n    ) external override returns (bool success) {\r\n        if (_spender == address(0)) revert InvalidSpender();\r\n        address _owner = msg.sender;\r\n        allowances[_owner][_spender] = _value;\r\n        emit Approval(_owner, _spender, _value);\r\n        return (true);\r\n    }\r\n\r\n    // Возвращает, сколько токенов spender ещё может потратить у owner\r\n    function allowance(\r\n        address _owner,\r\n        address _spender\r\n    ) external view override returns (uint256 remaining) {\r\n        return (allowances[_owner][_spender]);\r\n    }\r\n\r\n    // Минимум 0.05% от totalSupply для участия в голосовании\r\n    function minTokensForVoting()\r\n        internal\r\n        view\r\n        returns (uint256 minTokenAmount)\r\n    {\r\n        return (totalSupply * 5) / 10000; // 0.05 % = 5 / 10000\r\n    }\r\n\r\n    // Минимум 0.1% от totalSupply, чтобы иметь право начать голосование\r\n    function minTokenForStartVoting()\r\n        internal\r\n        view\r\n        returns (uint256 minTokenAmount)\r\n    {\r\n        return (totalSupply * 10) / 10000; // 0.1 % = 10 / 10000\r\n    }\r\n\r\n    // ! требования к цене - минимум, максимум, кратность (для ограничения размера маппинга)?\r\n    function vote(uint256 price) public notFrozen(msg.sender) {\r\n        if (!votingActive()) revert VotingNotActive();\r\n        if (balances[msg.sender] < minTokensForVoting())\r\n            revert InsufficientTokens();\r\n        if (votes[votingNumber][price] == 0) {\r\n            proposedPrices.push(price);\r\n        }\r\n        votes[votingNumber][price] += balances[msg.sender];\r\n        hasVoted[votingNumber][msg.sender] = true;\r\n    }\r\n\r\n    /** startVoting должен изменить votingStartedTime, \r\n    votingNumber, и     вызвать событие VotingStarted. */\r\n    function startVoting() public {\r\n        if (balances[msg.sender] < minTokenForStartVoting())\r\n            revert InsufficientTokens();\r\n        if (votingActive()) revert VotingIsActive();\r\n        votingStartedTime = block.timestamp;\r\n        votingNumber++; // новый раунд голосования\r\n        emit VotingStarted(votingNumber, votingStartedTime);\r\n    }\r\n\r\n    /*\r\n       Завершение голосования.\r\n       Можно вызвать только после окончания установленного времени.\r\n       стоит ли winningPrice определять оффчейн (// ! безопасно ли?)\r\n       \r\n       Как обычно решают\r\n\r\n            Ограничивают количество элементов.\r\n            Например, не более 10 предложенных цен.\r\n\r\n            Переносят вычисления off-chain.\r\n            Например, результат голосования вычисляется сервером или DAO-скриптом,\r\n            а контракт просто получает winningPrice через транзакцию.\r\n\r\n            Разбивают процесс на несколько шагов.\r\n            Вместо одного большого цикла — несколько маленьких функций с частичным подсчётом.\r\n\r\n            Используют структуры данных с константным временем (O(1)).\r\n            Например, mapping вместо array,\r\n            чтобы не нужно было перебирать элементы.\r\n    */\r\n    function endVoting() external {\r\n        if (votingActive()) revert VotingIsActive();\r\n\r\n        uint256 winningPrice = 0;\r\n        uint256 maxVotes = 0;\r\n\r\n        for (uint256 i = 0; i < proposedPrices.length; i++) {\r\n            uint256 price = proposedPrices[i];\r\n            uint256 voteCount = votes[votingNumber][price];\r\n\r\n            if (voteCount > maxVotes) {\r\n                maxVotes = voteCount;\r\n                winningPrice = price;\r\n            }\r\n        }\r\n\r\n        tokenPrice = winningPrice;\r\n\r\n        delete proposedPrices;\r\n        votingStartedTime = 0;\r\n        emit VotingEnded(votingNumber, block.timestamp);\r\n    }\r\n\r\n    function votingActive() public view returns (bool) {\r\n        return\r\n            votingStartedTime != 0 &&\r\n            block.timestamp < votingStartedTime + timeToVote;\r\n    }\r\n\r\n    modifier notFrozen(address from) {\r\n        if (votingActive() && hasVoted[votingNumber][from])\r\n            revert LockedUntilVotingEnds();\r\n        _;\r\n    }\r\n\r\n    function buy() public payable notFrozen(msg.sender) {\r\n        if (msg.value < tokenPrice) revert InsufficientETHForBuying();\r\n\r\n        uint256 tokens = (msg.value * 1e18) / tokenPrice;\r\n\r\n        // TODO Проверка если результат округления дал 0 токенов — отклоняем транзакцию\r\n        uint256 fee = (tokens * buyFee) / fee_denominator;\r\n        uint256 netTokens = tokens - fee;\r\n\r\n        balances[msg.sender] += netTokens;\r\n        balances[address(this)] += fee;\r\n        totalSupply += tokens;\r\n        accumulatedFees += fee;\r\n\r\n        emit Transfer(address(0), msg.sender, netTokens);\r\n    }\r\n\r\n    function sell(uint256 amount) public notFrozen(msg.sender) {\r\n        // TODO - модификатор nonReentrant (не даёт функции выполняться повторно, пока она не завершилась)\r\n        if (amount == 0) revert ZeroTokenAmount();\r\n        if (balances[msg.sender] < amount) revert InsufficientBalanceToSell();\r\n\r\n        uint256 fee = (amount * sellFee) / fee_denominator;\r\n        uint256 netTokens = amount - fee;\r\n\r\n        uint256 ethAmount = (netTokens * tokenPrice) / 1e18;\r\n        if (address(this).balance < ethAmount)\r\n            revert InsufficientETHInContract();\r\n\r\n        balances[msg.sender] -= amount;\r\n        balances[address(this)] += fee;\r\n        accumulatedFees += fee;\r\n        totalSupply -= netTokens;\r\n\r\n        (bool ok, ) = payable(msg.sender).call{value: ethAmount}(\"\");\r\n        if (!ok) revert ETHTransferFailed();\r\n\r\n        emit Transfer(msg.sender, address(0), amount);\r\n    }\r\n\r\n    function setBuyFee(uint256 _newFee) external {\r\n        if (msg.sender != admin) revert OnlyAdmin();\r\n        buyFee = _newFee;\r\n    }\r\n\r\n    function setSellFee(uint256 _newFee) external {\r\n        if (msg.sender != admin) revert OnlyAdmin();\r\n        sellFee = _newFee;\r\n    }\r\n\r\n    function burnAccumulatedFees() external {\r\n        if (msg.sender != admin) revert OnlyAdmin();\r\n        if (block.timestamp < lastBurnTime + 7 days) revert TooEarlyToBurn();\r\n        totalSupply -= accumulatedFees;\r\n        balances[address(this)] -= accumulatedFees; // ! Лучше отправлять на \"0\"-адресс\r\n\r\n        emit Transfer(address(this), address(0), accumulatedFees);\r\n\r\n        accumulatedFees = 0;\r\n        lastBurnTime = block.timestamp;\r\n    }\r\n\r\n    modifier onlyAdmin() {\r\n        require(msg.sender == _getAdmin(), \"Not admin\");\r\n        _;\r\n    }\r\n\r\n    // --- UUPS: upgrade logic ---\r\n    function upgradeTo(address newImplementation) external onlyAdmin {\r\n        require(newImplementation.code.length > 0, \"Not a contract\");\r\n        require(newImplementation != _getImplementation(), \"Same impl\");\r\n        _setImplementation(newImplementation);\r\n    }\r\n}\r\n\r\n/**\r\n   - ERC-20 совместимый токен с динамической ценой (tokenPrice);\r\n   - Голосования за новую цену (владельцы токенов голосуют, вес = баланс);\r\n   - На период голосования замораживаются транзакции у проголосовавших;\r\n   - Покупка/продажа с комиссией, комиссия накапливается и сжигается раз в неделю;\r\n\r\n*/\r\n\r\n// ?\r\n/**\r\nЧто делать, если откат транзакции делает вложенная фукнция\r\n */\r\n\r\n//TODO Что дальше\r\n/**\r\n////Использовать TypeChain для генерации типов контрактов в тестах.\r\n//// Контракт должен быть обновляемым (upgradeable).\r\n//// Функцию endVoting может вызвать любой пользователь, но правила\r\n//// должны проверять, что она вызывается только после истечения времени timeToVote.\r\nКонтракты должны быть задеплоены в тестовую сеть Sepolia и проверены на Etherscan (sepolia.etherscan.io).\r\n\r\n\r\n\r\nограничение на сумму ставки\r\nограничить функции правом администратора\r\nПроверка перед сжиганием комиссий if (balances[address(this)] < accumulatedFees) revert InsufficientBalance();\r\nграницы комиссии - Добавить проверку if (_newFee > fee_denominator) revert FeeTooHigh(); в setBuyFee() и setSellFee() чтобы комиссия не превышала 100%.\r\n*/\r\n//TODO Topics that have been learnt:\r\n/**\r\n1.  Formatting (wei, gwei, eth, etc.) \r\n2.  IERC20, ERC20 \r\n3.  Solidity \r\n4.  Ethers.js + hardhat \r\n5.  Gas \r\n6.  // !Memoization pattern \r\n\r\n\r\n\r\n1️ Результат голосования (yes/no или totalVotes)\tИтоговое количество голосов для данного votingNumber\tВместо пересчёта каждого раза по mapping(address → voteAmount) можно хранить промежуточные суммы → меньше газа и быстрее итоговая функция endVoting()\r\n2️\tМинимальный порог голосов (minTokensForVoting)\tОдин раз вычислить при startVoting() и сохранить\tНе пересчитывать (totalSupply * 5) / 10000 при каждом вызове vote()\r\n3️\tРезультат tokenPrice или fee перерасчёта\tЕсли формула фиксированная, можно кешировать итог для заданного периода\tСокращает дублируемые арифметические операции при buy() / sell()\r\n4️\tАдреса уже проверенных участников\tХранить в mapping(address => bool) результат проверки “участвовал / нет”\tПри каждом vote() не нужно снова искать в массиве или в другой структуре данных\r\n5️\tИтоговое значение balanceOf при блокировке\tКешировать значение баланса, который используется для расчёта веса голоса\tИзбегает повторных обращений к storage (дорогих по gas)\r\n6️\tTimestamp окончания голосования\tВычислить votingStartedTime + timeToVote и сохранить в переменной\tПри каждом вызове endVoting() не нужно пересчитывать — просто сравнивать с заранее вычисленным временем\r\nProblem solved: \r\n-  Problem with the cycles, O(N) functions that are dependent on users. \r\n*/\r\n"
      }
    }
  }
}